entry,event_id,clips,loop,volume,pitch_variation,mixer_group
AudioEntry_BlockBreakHit,block_break_hit,BO_SFX_PU_HammerHit_01,0,1.0,0.0,Sfx
AudioEntry_BlockBreakSelection,block_break_selection,BO_SFX_PU_Selection_01,0,1.0,0.0,Sfx
AudioEntry_ButtonPressed,button_pressed,Button Click,0,1.0,0.0,Sfx
AudioEntry_IceMovementBlock,ice_movement_block,BO_SFX_IceBlock_Blocked_02,0,1.0,0.0,Sfx
AudioEntry_IceSmallBreak,ice_small_break,BO_SFX_IceBlocksBreak_small_02,0,1.0,0.0,Sfx
AudioEntry_IceWholeBreak,ice_whole_break,BO_SFX_IceBlocksBreak_whole_02,0,1.0,0.0,Sfx
AudioEntry_ImmovableMovementBlock,immovable_movement_block,BO_SFX_StationaryBlock_01,0,1.0,0.0,Sfx
AudioEntry_LevelComplete,level_complete,BO_SFX_LevelWin_1LevelComplete_01,0,1.0,0.0,Sfx
AudioEntry_LevelLose,level_lose,BO_SFX_LevelLose_2LevelFailed_01,0,1.0,0.0,Sfx
AudioEntry_LevelWinAmazing,level_win_amazing,BO_SFX_LevelWin_2Amazing_01,0,1.0,0.0,Sfx
AudioEntry_LivesEmpty,lives_empty,BO_SFX_LivesEmpty_01,0,1.0,0.0,Sfx
AudioEntry_LivesRefill,lives_refill,BO_SFX_LivesRefill_01,0,1.0,0.0,Sfx
AudioEntry_LowTimerWarning,low_timer_warning,BO_SFX_LowTimeWarning_oneshot_01,1,1.0,0.0,Sfx
AudioEntry_Music,in_game_music,BO_BGM_Gameplay_02_Loop,1,0.7,0.0,Music
AudioEntry_Open,sfx_open,,0,0.2,0.0,Sfx
AudioEntry_OutOfTime,out_of_time,BO_SFX_LevelLose_1OutOfTime_01,0,1.0,0.0,Sfx
AudioEntry_PieceBreak,piece_break,BO_SFX_Core_4BlockBreak_01,0,1.0,0.0,Sfx
AudioEntry_PieceDrop,piece_drop,BO_SFX_Core_2BlockPut_02,0,0.731,0.0,Sfx
AudioEntry_PieceMatch,piece_match,BO_SFX_Core_3BlockMatch,0,1.0,0.0,Sfx
AudioEntry_PieceSnap,piece_snap,BO_SFX_PiecesSnapTogether_01Snap_01,0,1.0,0.0,Sfx
AudioEntry_ReviveTrigger,revive_trigger,BO_SFX_ReviveTrigger_01,0,1.0,0.0,Sfx
AudioEntry_RewardedVideoClaim,rewarded_video_claim,BO_SFX_RewadClaimxN_01,0,1.0,0.0,Sfx
AudioEntry_RopesMovementBlock,ropes_movement_block,BO_SFX_Ropes_Locked_01,0,1.0,0.0,Sfx
AudioEntry_RopesScissorCut,ropes_scissor_cut,BO_SFX_RopesScissorCut_02ScissorCut_01,0,1.0,0.0,Sfx
AudioEntry_RopesScissorShow,ropes_scissor_show,BO_SFX_RopesScissorCut_01ScissorShow_01,0,1.0,0.0,Sfx
AudioEntry_TargetCollected,target_collected,BO_SFX_Coins_FlyToWallet_01,0,1.0,0.0,Sfx
AudioEntry_TimeFreeze,time_freeze,BO_SFX_TimeFreeze_01,0,1.0,0.0,Sfx
