game,folder,file,codec,channels,sample_rate,duration_sec,bytes,source
BlockedIn,,BO_BGM_Gameplay_02_Loop.ogg,Vorbis,1,44100,53.829,469890,CAB-846353ec228ecf88743af0152a17a8d6#2299815081369184834
BlockedIn,,BO_SFX_Coins_FlyToWallet_01.ogg,Vorbis,1,48000,2.073,21177,CAB-846353ec228ecf88743af0152a17a8d6#8066052811214569707
BlockedIn,,BO_SFX_Core_2BlockPut_02.ogg,Vorbis,1,48000,0.157,5075,CAB-846353ec228ecf88743af0152a17a8d6#-1225039192672531340
BlockedIn,,BO_SFX_Core_3BlockMatch.ogg,Vorbis,1,48000,0.85,11437,CAB-846353ec228ecf88743af0152a17a8d6#-5574807889982761461
BlockedIn,,BO_SFX_Core_4BlockBreak_01.ogg,Vorbis,1,48000,0.373,7433,CAB-846353ec228ecf88743af0152a17a8d6#-3949055762825230011
BlockedIn,,BO_SFX_IceBlock_Blocked_02.ogg,Vorbis,1,48000,0.488,8362,CAB-846353ec228ecf88743af0152a17a8d6#6086569375468848014
BlockedIn,,BO_SFX_IceBlocksBreak_small_02.ogg,Vorbis,1,48000,0.994,12176,CAB-846353ec228ecf88743af0152a17a8d6#1192358396746072052
BlockedIn,,BO_SFX_IceBlocksBreak_whole_02.ogg,Vorbis,1,48000,0.9,11005,CAB-846353ec228ecf88743af0152a17a8d6#2901556248445616624
BlockedIn,,BO_SFX_LevelLose_1OutOfTime_01.ogg,Vorbis,1,48000,1.224,12812,CAB-846353ec228ecf88743af0152a17a8d6#405889443949604919
BlockedIn,,BO_SFX_LevelLose_2LevelFailed_01.ogg,Vorbis,1,48000,2.167,21441,CAB-846353ec228ecf88743af0152a17a8d6#-1777386345709346125
BlockedIn,,BO_SFX_LevelWin_1LevelComplete_01.ogg,Vorbis,1,48000,3.458,37098,CAB-846353ec228ecf88743af0152a17a8d6#1294893370015347366
BlockedIn,,BO_SFX_LevelWin_2Amazing_01.ogg,Vorbis,1,48000,3.35,35365,CAB-846353ec228ecf88743af0152a17a8d6#-8333310648275513779
BlockedIn,,BO_SFX_LivesEmpty_01.ogg,Vorbis,1,48000,2.75,18205,CAB-846353ec228ecf88743af0152a17a8d6#-2938105640077105928
BlockedIn,,BO_SFX_LivesRefill_01.ogg,Vorbis,1,48000,1.819,19620,CAB-846353ec228ecf88743af0152a17a8d6#-3237667374540395294
BlockedIn,,BO_SFX_LowTimeWarning_oneshot_01.ogg,Vorbis,1,48000,1.0,10104,CAB-846353ec228ecf88743af0152a17a8d6#-6008771955344488921
BlockedIn,,BO_SFX_PiecesSnapTogether_01Snap_01.ogg,Vorbis,1,48000,1.459,15385,CAB-846353ec228ecf88743af0152a17a8d6#-54790586262122101
BlockedIn,,BO_SFX_PU_HammerHit_01.ogg,Vorbis,1,48000,2.195,19376,CAB-846353ec228ecf88743af0152a17a8d6#9052799004942176421
BlockedIn,,BO_SFX_PU_Selection_01.ogg,Vorbis,1,48000,1.638,16920,CAB-846353ec228ecf88743af0152a17a8d6#5621778777430965794
BlockedIn,,BO_SFX_ReviveTrigger_01.ogg,Vorbis,1,48000,2.667,26895,CAB-846353ec228ecf88743af0152a17a8d6#6279529593252931549
BlockedIn,,BO_SFX_RewadClaimxN_01.ogg,Vorbis,1,48000,2.441,23924,CAB-846353ec228ecf88743af0152a17a8d6#9163528363941103441
BlockedIn,,BO_SFX_Ropes_Locked_01.ogg,Vorbis,1,48000,0.153,4849,CAB-846353ec228ecf88743af0152a17a8d6#1039666533597085593
BlockedIn,,BO_SFX_RopesScissorCut_01ScissorShow_01.ogg,Vorbis,1,48000,0.312,5597,CAB-846353ec228ecf88743af0152a17a8d6#6525872682948710287
BlockedIn,,BO_SFX_RopesScissorCut_02ScissorCut_01.ogg,Vorbis,1,48000,1.231,13311,CAB-846353ec228ecf88743af0152a17a8d6#5884378494467241238
BlockedIn,,BO_SFX_StationaryBlock_01.ogg,Vorbis,1,48000,0.279,5976,CAB-846353ec228ecf88743af0152a17a8d6#5957344645682611489
BlockedIn,,BO_SFX_TimeFreeze_01.ogg,Vorbis,1,48000,7.338,66639,CAB-846353ec228ecf88743af0152a17a8d6#-4424105809935179922
BlockedIn,,Button Click.ogg,Vorbis,1,44100,0.375,4075,CAB-846353ec228ecf88743af0152a17a8d6#3783575474738501697
