mesh,set,glb,obj,vertices,triangles,submeshes,size_x,size_y,size_z,has_uv,has_vertex_color,unity_materials
BackgroundConcave,board_backdrop,glb/board_backdrop/BackgroundConcave.glb,obj/board_backdrop/BackgroundConcave.obj,8,6,1,0.17,0.17,0.0,True,False,BoardBackdrop
BackgroundConvex,board_backdrop,glb/board_backdrop/BackgroundConvex.glb,obj/board_backdrop/BackgroundConvex.obj,10,8,1,0.5,0.5,0.0,True,False,BoardBackdrop
BackgroundFull,board_backdrop,glb/board_backdrop/BackgroundFull.glb,obj/board_backdrop/BackgroundFull.obj,5,3,1,0.5,0.5,0.0,True,False,BoardBackdrop
Rounded_Square,board_tile,glb/board_tile/Rounded_Square.glb,obj/board_tile/Rounded_Square.obj,28,26,1,1.0,0.0,1.0,True,False,TileMaterial_B
Base_Rounded,board_wall,glb/board_wall/Base_Rounded.glb,obj/board_wall/Base_Rounded.obj,64,48,1,0.7,0.5,0.5,True,False,BoardBlockMaterial
Base_Straight,board_wall,glb/board_wall/Base_Straight.glb,obj/board_wall/Base_Straight.obj,30,16,1,0.7,0.5,0.5,True,False,BoardBlockMaterial
Corner_Concave,board_wall,glb/board_wall/Corner_Concave.glb,obj/board_wall/Corner_Concave.obj,113,106,1,0.3,0.5,0.194,True,False,BoardBlockMaterial
Corner_Concave_Center,board_wall,glb/board_wall/Corner_Concave_Center.glb,obj/board_wall/Corner_Concave_Center.obj,39,26,1,0.3,0.5,0.15,True,False,BoardBlockMaterial
Corner_Corner,board_wall,glb/board_wall/Corner_Corner.glb,obj/board_wall/Corner_Corner.obj,50,40,1,0.3,0.5,0.15,True,False,BoardBlockMaterial
Corner_Corner_Straight,board_wall,glb/board_wall/Corner_Corner_Straight.glb,obj/board_wall/Corner_Corner_Straight.obj,18,8,1,0.3,0.5,0.15,True,False,BoardBlockMaterial
Corner_Corner_StraightToRound,board_wall,glb/board_wall/Corner_Corner_StraightToRound.glb,obj/board_wall/Corner_Corner_StraightToRound.obj,50,38,1,0.3,0.5,0.15,True,False,BoardBlockMaterial
Corner_CounterConcave,board_wall,glb/board_wall/Corner_CounterConcave.glb,obj/board_wall/Corner_CounterConcave.obj,51,44,1,0.3,0.5,0.15,True,False,BoardBlockMaterial
Corner_Round,board_wall,glb/board_wall/Corner_Round.glb,obj/board_wall/Corner_Round.obj,115,118,1,0.256,0.5,0.15,True,False,BoardBlockMaterial
Padding,board_wall,glb/board_wall/Padding.glb,obj/board_wall/Padding.obj,4,2,1,1.0,0.0,1.0,True,False,BoardBlockMaterial
CornerToStraight_BottomLeft,piece_block,glb/piece_block/CornerToStraight_BottomLeft.glb,obj/piece_block/CornerToStraight_BottomLeft.obj,28,20,1,0.229,0.599,0.229,True,True,PieceBlockMaterial
CornerToStraight_BottomRight,piece_block,glb/piece_block/CornerToStraight_BottomRight.glb,obj/piece_block/CornerToStraight_BottomRight.obj,28,20,1,0.229,0.599,0.229,True,True,PieceBlockMaterial
CornerToStraight_TopLeft,piece_block,glb/piece_block/CornerToStraight_TopLeft.glb,obj/piece_block/CornerToStraight_TopLeft.obj,28,20,1,0.229,0.599,0.229,True,True,PieceBlockMaterial
CornerToStraight_TopRight,piece_block,glb/piece_block/CornerToStraight_TopRight.glb,obj/piece_block/CornerToStraight_TopRight.obj,28,20,1,0.229,0.599,0.229,True,True,PieceBlockMaterial
Corner_BottomLeft,piece_block,glb/piece_block/Corner_BottomLeft.glb,obj/piece_block/Corner_BottomLeft.obj,56,60,1,0.229,0.599,0.229,True,True,PieceBlockMaterial
Corner_BottomRight,piece_block,glb/piece_block/Corner_BottomRight.glb,obj/piece_block/Corner_BottomRight.obj,56,60,1,0.229,0.599,0.229,True,True,PieceBlockMaterial
Corner_TopLeft,piece_block,glb/piece_block/Corner_TopLeft.glb,obj/piece_block/Corner_TopLeft.obj,42,36,1,0.229,0.599,0.229,True,True,PieceBlockMaterial
Corner_TopRight,piece_block,glb/piece_block/Corner_TopRight.glb,obj/piece_block/Corner_TopRight.obj,56,60,1,0.229,0.599,0.229,True,True,PieceBlockMaterial
Cover_Corner,piece_block,glb/piece_block/Cover_Corner.glb,obj/piece_block/Cover_Corner.obj,4,2,1,0.571,0.0,0.536,True,True,PieceBlockMaterial
Cover_Horizontal,piece_block,glb/piece_block/Cover_Horizontal.glb,obj/piece_block/Cover_Horizontal.obj,24,14,1,0.463,0.606,1.0,True,True,PieceBlockMaterial
Cover_Vertical,piece_block,glb/piece_block/Cover_Vertical.glb,obj/piece_block/Cover_Vertical.obj,24,14,1,1.0,0.606,0.501,True,True,PieceBlockMaterial
Edge_Bottom,piece_block,glb/piece_block/Edge_Bottom.glb,obj/piece_block/Edge_Bottom.obj,24,20,1,0.543,0.599,0.137,True,True,PieceBlockMaterial
Edge_Left,piece_block,glb/piece_block/Edge_Left.glb,obj/piece_block/Edge_Left.obj,18,12,1,0.137,0.599,0.543,True,True,PieceBlockMaterial
Edge_Right,piece_block,glb/piece_block/Edge_Right.glb,obj/piece_block/Edge_Right.obj,24,20,1,0.137,0.599,0.543,True,True,PieceBlockMaterial
Edge_Top,piece_block,glb/piece_block/Edge_Top.glb,obj/piece_block/Edge_Top.obj,18,12,1,0.543,0.599,0.137,True,True,PieceBlockMaterial
FrontFace,piece_block,glb/piece_block/FrontFace.glb,obj/piece_block/FrontFace.obj,82,96,1,0.726,0.599,0.726,True,True,PieceBlockMaterial
Socket_Bottom,piece_block,glb/piece_block/Socket_Bottom.glb,obj/piece_block/Socket_Bottom.obj,89,74,1,0.543,0.599,0.137,True,True,PieceBlockMaterial
Socket_Left,piece_block,glb/piece_block/Socket_Left.glb,obj/piece_block/Socket_Left.obj,89,74,1,0.137,0.599,0.543,True,True,PieceBlockMaterial
Tab_Ice,piece_block,glb/piece_block/Tab_Ice.glb,obj/piece_block/Tab_Ice.obj,55,46,1,0.306,0.088,0.179,True,True,BlockKnobIce
Tab_Right,piece_block,glb/piece_block/Tab_Right.glb,obj/piece_block/Tab_Right.obj,94,76,1,0.187,0.599,0.543,True,True,PieceBlockMaterial
Tab_Top,piece_block,glb/piece_block/Tab_Top.glb,obj/piece_block/Tab_Top.obj,91,80,1,0.543,0.599,0.187,True,True,PieceBlockMaterial
BlockHammer,powerup_tools,glb/powerup_tools/BlockHammer.glb,obj/powerup_tools/BlockHammer.obj,1196,1556,1,1.78,2.513,1.655,True,False,HammerMaterial
Scissor_01,powerup_tools,glb/powerup_tools/Scissor_01.glb,obj/powerup_tools/Scissor_01.obj,307,386,2,0.975,0.196,2.45,True,False,Scissors_Handle;Scissors_Blade
Scissor_02,powerup_tools,glb/powerup_tools/Scissor_02.glb,obj/powerup_tools/Scissor_02.obj,307,386,2,0.975,0.196,2.45,True,False,Scissors_Handle;Scissors_Blade
Rope_End_01,rope,glb/rope/Rope_End_01.glb,obj/rope/Rope_End_01.obj,156,180,1,0.294,0.202,0.203,True,True,Rope
Rope_End_02,rope,glb/rope/Rope_End_02.glb,obj/rope/Rope_End_02.obj,163,162,1,0.292,0.201,0.204,True,True,Rope
Rope_Segment,rope,glb/rope/Rope_Segment.glb,obj/rope/Rope_Segment.obj,120,134,1,0.207,0.201,0.218,True,True,Rope
StationaryBlock_BottomLeft,stationary_block,glb/stationary_block/StationaryBlock_BottomLeft.glb,obj/stationary_block/StationaryBlock_BottomLeft.obj,106,110,2,0.348,0.18,0.344,True,False,StationaryBlock;StationaryBlock_Shadow
StationaryBlock_BottomRight,stationary_block,glb/stationary_block/StationaryBlock_BottomRight.glb,obj/stationary_block/StationaryBlock_BottomRight.obj,106,110,2,0.348,0.18,0.344,True,False,StationaryBlock;StationaryBlock_Shadow
StationaryBlock_TopLeft,stationary_block,glb/stationary_block/StationaryBlock_TopLeft.glb,obj/stationary_block/StationaryBlock_TopLeft.obj,106,110,2,0.348,0.18,0.344,True,False,StationaryBlock;StationaryBlock_Shadow
StationaryBlock_TopRight,stationary_block,glb/stationary_block/StationaryBlock_TopRight.glb,obj/stationary_block/StationaryBlock_TopRight.obj,106,110,2,0.348,0.18,0.344,True,False,StationaryBlock;StationaryBlock_Shadow
